,precision,recall,f1-score,support
0,1.0,1.0,1.0,49951.0
1,0.93864913525015,0.6888550779764169,0.7945825491577088,49951.0
2,0.6559105792028904,0.5815098796820884,0.6164735345303282,49951.0
3,0.6601030492949259,0.9240356834046861,0.7700825182568348,47417.0
accuracy,0.7969888984640341,0.7969888984640341,0.7969888984640341,0.7969888984640341
macro avg,0.8136656909369916,0.7986001602657978,0.7952846504862179,197270.0
weighted avg,0.8156382551075244,0.7969888984640341,0.7956083804150934,197270.0
